,pdb,chain,wildtype,resseq,mutation,ddg,method,seq_index,Pythia_dir,Pythia_inv
0,1A0F,A,S,11,A,-1.8,EXPDTA X-RAY DIFFRACTION,10,3.6947717666625977,-3.6947717666625977
1,1A7V,A,A,104,H,-2.69,EXPDTA X-RAY DIFFRACTION,103,9.969689846038818,-9.969689846038818
2,1A7V,A,A,66,H,-1.98,EXPDTA X-RAY DIFFRACTION,65,1.8102797865867615,-1.8102797865867615
3,1A7V,A,A,91,H,-1.7,EXPDTA X-RAY DIFFRACTION,90,5.5565643310546875,-5.5565643310546875
4,1A7V,A,D,3,H,-1.36,EXPDTA X-RAY DIFFRACTION,2,4.36091673374176,-4.36091673374176
5,1A7V,A,D,58,H,-2.05,EXPDTA X-RAY DIFFRACTION,57,7.239245176315308,-7.239245176315308
6,1A7V,A,E,73,H,-3.01,EXPDTA X-RAY DIFFRACTION,72,9.139549255371094,-9.139549255371094
7,1A7V,A,K,13,H,-0.6,EXPDTA X-RAY DIFFRACTION,12,3.8363858461380005,-3.8363858461380005
8,1A7V,A,K,20,H,-2.88,EXPDTA X-RAY DIFFRACTION,19,9.015646934509277,-9.015646934509277
9,1A7V,A,K,31,H,-1.36,EXPDTA X-RAY DIFFRACTION,30,5.769039154052734,-5.769039154052734
10,1A7V,A,K,39,H,-1.86,EXPDTA X-RAY DIFFRACTION,38,7.088886022567749,-7.088886022567749
11,1A7V,A,K,49,H,-2.02,EXPDTA X-RAY DIFFRACTION,48,8.141596555709839,-8.141596555709839
12,1A7V,A,K,84,H,-2.88,EXPDTA X-RAY DIFFRACTION,83,7.153223276138306,-7.153223276138306
13,1A7V,A,K,97,H,-1.97,EXPDTA X-RAY DIFFRACTION,96,3.1620967388153076,-3.1620967388153076
14,1BA3,A,H,457,D,-1.745,EXPDTA X-RAY DIFFRACTION,456,4.768751382827759,-4.768751382827759
15,1BA3,A,H,485,D,0.287,EXPDTA X-RAY DIFFRACTION,484,-4.545060157775879,4.545060157775879
16,1BA3,A,H,485,K,-0.287,EXPDTA X-RAY DIFFRACTION,484,-5.236771583557129,5.236771583557129
17,1BA3,A,H,485,M,-0.263,EXPDTA X-RAY DIFFRACTION,484,3.295509934425354,-3.295509934425354
18,1BFM,A,M,35,W,-0.7,EXPDTA SOLUTION NMR,34,2.2633001804351807,-2.2633001804351807
19,1BFM,A,M,35,Y,-0.4,EXPDTA SOLUTION NMR,34,0.5237872153520584,-0.5237872153520584
20,1BNL,A,D,76,A,-0.821,EXPDTA X-RAY DIFFRACTION,75,6.985084056854248,-6.985084056854248
21,1D5G,A,H,71,Y,-0.04,EXPDTA SOLUTION NMR,70,3.68182635307312,-3.68182635307312
22,1D5G,A,I,20,F,0.91,EXPDTA SOLUTION NMR,19,22.200849533081055,-22.200849533081055
23,1DIV,A,D,23,A,-0.46,EXPDTA X-RAY DIFFRACTION,22,-0.6286095976829529,0.6286095976829529
24,1DIV,A,D,23,N,-0.58,EXPDTA X-RAY DIFFRACTION,22,1.3527393639087677,-1.3527393639087677
25,1DIV,A,D,8,N,-0.3,EXPDTA X-RAY DIFFRACTION,7,2.5289688110351562,-2.5289688110351562
26,1DIV,A,E,100,A,-0.98,EXPDTA X-RAY DIFFRACTION,99,2.381338059902191,-2.381338059902191
27,1DIV,A,E,100,G,-1.52,EXPDTA X-RAY DIFFRACTION,99,7.132434129714966,-7.132434129714966
28,1DIV,A,E,17,Q,-0.21,EXPDTA X-RAY DIFFRACTION,16,4.958314418792725,-4.958314418792725
29,1DIV,A,E,38,Q,-0.56,EXPDTA X-RAY DIFFRACTION,37,1.9944168329238892,-1.9944168329238892
30,1DIV,A,E,48,Q,0.03,EXPDTA X-RAY DIFFRACTION,47,2.1114087104797363,-2.1114087104797363
31,1DIV,A,E,54,Q,0.33,EXPDTA X-RAY DIFFRACTION,53,1.7460494637489319,-1.7460494637489319
32,1DIV,A,H,106,Q,-1.53,EXPDTA X-RAY DIFFRACTION,105,11.744597911834717,-11.744597911834717
33,1DIV,A,H,134,Q,-0.34,EXPDTA X-RAY DIFFRACTION,133,18.071051597595215,-18.071051597595215
34,1DIV,A,H,144,Q,-0.56,EXPDTA X-RAY DIFFRACTION,143,-0.9336694031953812,0.9336694031953812
35,1DIV,A,I,115,A,-3.52,EXPDTA X-RAY DIFFRACTION,114,24.220478057861328,-24.220478057861328
36,1DIV,A,I,121,A,-2.88,EXPDTA X-RAY DIFFRACTION,120,23.898633003234863,-23.898633003234863
37,1DIV,A,I,4,A,-2.22,EXPDTA X-RAY DIFFRACTION,3,18.303197860717773,-18.303197860717773
38,1DIV,A,I,4,V,-0.59,EXPDTA X-RAY DIFFRACTION,3,6.807623386383057,-6.807623386383057
39,1DIV,A,I,79,A,-3.49,EXPDTA X-RAY DIFFRACTION,78,25.86156940460205,-25.86156940460205
40,1DIV,A,I,93,A,-3.19,EXPDTA X-RAY DIFFRACTION,92,17.347817420959473,-17.347817420959473
41,1DIV,A,I,98,A,-4.28,EXPDTA X-RAY DIFFRACTION,97,27.165152549743652,-27.165152549743652
42,1DIV,A,K,10,M,0.05,EXPDTA X-RAY DIFFRACTION,9,8.945870876312256,-8.945870876312256
43,1DIV,A,K,14,M,0.01,EXPDTA X-RAY DIFFRACTION,13,8.393465757369995,-8.393465757369995
44,1DIV,A,K,15,M,-0.31,EXPDTA X-RAY DIFFRACTION,14,11.085729598999023,-11.085729598999023
45,1DIV,A,K,7,M,0.35,EXPDTA X-RAY DIFFRACTION,6,10.037965774536133,-10.037965774536133
46,1DIV,A,K,96,A,0.61,EXPDTA X-RAY DIFFRACTION,95,-1.453358918428421,1.453358918428421
47,1DIV,A,K,96,G,-0.2,EXPDTA X-RAY DIFFRACTION,95,0.3394400179386139,-0.3394400179386139
48,1DIV,A,L,102,A,-2.37,EXPDTA X-RAY DIFFRACTION,101,13.777976512908936,-13.777976512908936
49,1DIV,A,L,108,A,-2.33,EXPDTA X-RAY DIFFRACTION,107,14.886314392089844,-14.886314392089844
50,1DIV,A,L,110,A,-3.21,EXPDTA X-RAY DIFFRACTION,109,21.344018936157227,-21.344018936157227
51,1DIV,A,L,117,A,-0.82,EXPDTA X-RAY DIFFRACTION,116,16.09880542755127,-16.09880542755127
52,1DIV,A,L,133,A,-2.94,EXPDTA X-RAY DIFFRACTION,132,22.56354808807373,-22.56354808807373
53,1DIV,A,L,141,A,-3.56,EXPDTA X-RAY DIFFRACTION,140,16.05219841003418,-16.05219841003418
54,1DIV,A,L,30,A,-2.76,EXPDTA X-RAY DIFFRACTION,29,15.165660381317139,-15.165660381317139
55,1DIV,A,L,30,V,-3.62,EXPDTA X-RAY DIFFRACTION,29,22.393104553222656,-22.393104553222656
56,1DIV,A,L,6,A,-3.1,EXPDTA X-RAY DIFFRACTION,5,8.470970869064331,-8.470970869064331
57,1DIV,A,L,6,I,-0.13,EXPDTA X-RAY DIFFRACTION,5,9.318627834320068,-9.318627834320068
58,1DIV,A,L,6,V,-0.41,EXPDTA X-RAY DIFFRACTION,5,8.367419004440308,-8.367419004440308
59,1DIV,A,L,72,A,-3.77,EXPDTA X-RAY DIFFRACTION,71,21.518085479736328,-21.518085479736328
60,1DIV,A,M,1,A,-1.46,EXPDTA X-RAY DIFFRACTION,0,9.361787796020508,-9.361787796020508
61,1DIV,A,M,1,G,-2.36,EXPDTA X-RAY DIFFRACTION,0,12.908485889434814,-12.908485889434814
62,1DIV,A,V,129,A,-1.81,EXPDTA X-RAY DIFFRACTION,128,18.441892623901367,-18.441892623901367
63,1DIV,A,V,131,A,-1.93,EXPDTA X-RAY DIFFRACTION,130,12.920559406280518,-12.920559406280518
64,1DIV,A,V,137,A,-2.41,EXPDTA X-RAY DIFFRACTION,136,19.256893157958984,-19.256893157958984
65,1DIV,A,V,143,A,-3.25,EXPDTA X-RAY DIFFRACTION,142,16.86835241317749,-16.86835241317749
66,1DIV,A,V,145,A,-1.92,EXPDTA X-RAY DIFFRACTION,144,3.105778455734253,-3.105778455734253
67,1DIV,A,V,21,A,-2.33,EXPDTA X-RAY DIFFRACTION,20,17.87166118621826,-17.87166118621826
68,1DIV,A,V,21,I,-0.4,EXPDTA X-RAY DIFFRACTION,20,3.0468626022338867,-3.0468626022338867
69,1DIV,A,V,21,L,-1.23,EXPDTA X-RAY DIFFRACTION,20,9.244869470596313,-9.244869470596313
70,1DIV,A,V,3,A,-2.55,EXPDTA X-RAY DIFFRACTION,2,12.028829574584961,-12.028829574584961
71,1DIV,A,V,3,I,-0.31,EXPDTA X-RAY DIFFRACTION,2,6.220707178115845,-6.220707178115845
72,1DIV,A,V,3,L,-2.21,EXPDTA X-RAY DIFFRACTION,2,14.195242881774902,-14.195242881774902
73,1DXX,A,K,10,N,-3.7,EXPDTA X-RAY DIFFRACTION,9,5.851764917373657,-5.851764917373657
74,1EKG,A,L,109,C,-1.0,EXPDTA X-RAY DIFFRACTION,108,7.893209218978882,-7.893209218978882
75,1EKG,A,L,111,C,-2.0,EXPDTA X-RAY DIFFRACTION,110,18.965375900268555,-18.965375900268555
76,1EKG,A,L,114,C,1.0,EXPDTA X-RAY DIFFRACTION,113,11.704466342926025,-11.704466342926025
77,1EKG,A,S,92,F,-2.6,EXPDTA X-RAY DIFFRACTION,91,10.823336124420166,-10.823336124420166
78,1F8I,A,F,345,A,-0.455,EXPDTA X-RAY DIFFRACTION,344,10.93079948425293,-10.93079948425293
79,1FH5,A,S,15,N,0.6,EXPDTA X-RAY DIFFRACTION,14,4.834817171096802,-4.834817171096802
80,1FRD,A,H,42,R,4.0,EXPDTA X-RAY DIFFRACTION,41,-1.2451506555080414,1.2451506555080414
81,1FT8,A,I,144,V,-0.64,EXPDTA X-RAY DIFFRACTION,143,-2.746669828891754,2.746669828891754
82,1FT8,A,L,92,V,-1.38,EXPDTA X-RAY DIFFRACTION,91,10.984072208404541,-10.984072208404541
83,1FT8,A,L,118,I,-0.35,EXPDTA X-RAY DIFFRACTION,117,17.374101638793945,-17.374101638793945
84,1FT8,A,L,147,I,-0.11,EXPDTA X-RAY DIFFRACTION,146,5.976480960845947,-5.976480960845947
85,1FT8,A,L,173,I,-0.8,EXPDTA X-RAY DIFFRACTION,172,9.159466743469238,-9.159466743469238
86,1FT8,A,L,173,V,-1.41,EXPDTA X-RAY DIFFRACTION,172,8.913348197937012,-8.913348197937012
87,1FT8,A,L,195,A,-1.65,EXPDTA X-RAY DIFFRACTION,194,17.732834815979004,-17.732834815979004
88,1FT8,A,L,197,I,-0.85,EXPDTA X-RAY DIFFRACTION,196,12.924111366271973,-12.924111366271973
89,1FT8,A,L,228,I,-0.53,EXPDTA X-RAY DIFFRACTION,227,8.065818071365356,-8.065818071365356
90,1FT8,A,L,229,I,0.05,EXPDTA X-RAY DIFFRACTION,228,2.50434410572052,-2.50434410572052
91,1FT8,A,M,96,L,0.27,EXPDTA X-RAY DIFFRACTION,95,-1.8699565529823303,1.8699565529823303
92,1FT8,A,S,219,A,0.32,EXPDTA X-RAY DIFFRACTION,218,-2.5354208946228027,2.5354208946228027
93,1FT8,A,V,167,A,-0.16,EXPDTA X-RAY DIFFRACTION,166,6.410430192947388,-6.410430192947388
94,1FXA,A,E,94,D,-1.1,EXPDTA X-RAY DIFFRACTION,93,4.728932619094849,-4.728932619094849
95,1FXA,A,E,94,K,-0.4,EXPDTA X-RAY DIFFRACTION,93,2.109201967716217,-2.109201967716217
96,1FXA,A,E,94,Q,0.6,EXPDTA X-RAY DIFFRACTION,93,0.9326382279396057,-0.9326382279396057
97,1FXA,A,E,95,K,1.0,EXPDTA X-RAY DIFFRACTION,94,-0.7185470461845398,0.7185470461845398
98,1FXA,A,F,65,A,-1.0,EXPDTA X-RAY DIFFRACTION,64,9.716944456100464,-9.716944456100464
99,1FXA,A,F,65,I,-0.9,EXPDTA X-RAY DIFFRACTION,64,11.25625467300415,-11.25625467300415
100,1FXA,A,F,65,W,-0.6,EXPDTA X-RAY DIFFRACTION,64,4.993598699569702,-4.993598699569702
101,1FXA,A,F,65,Y,-0.5,EXPDTA X-RAY DIFFRACTION,64,1.27513188123703,-1.27513188123703
102,1FXA,A,R,42,A,-2.4,EXPDTA X-RAY DIFFRACTION,41,7.403146028518677,-7.403146028518677
103,1FXA,A,R,42,H,-1.4,EXPDTA X-RAY DIFFRACTION,41,4.331871151924133,-4.331871151924133
104,1FXA,A,T,48,A,0.1,EXPDTA X-RAY DIFFRACTION,47,0.5385838747024536,-0.5385838747024536
105,1G3P,A,A,121,K,-0.287,EXPDTA X-RAY DIFFRACTION,120,-1.2821952947415411,1.2821952947415411
106,1G3P,A,D,134,A,-0.263,EXPDTA X-RAY DIFFRACTION,133,0.40314359217882156,-0.40314359217882156
107,1G3P,A,D,134,C,-0.096,EXPDTA X-RAY DIFFRACTION,133,5.545841455459595,-5.545841455459595
108,1G3P,A,D,134,E,-0.359,EXPDTA X-RAY DIFFRACTION,133,1.1618707478046417,-1.1618707478046417
109,1G3P,A,D,134,F,-0.359,EXPDTA X-RAY DIFFRACTION,133,3.0029453337192535,-3.0029453337192535
110,1G3P,A,D,134,G,-0.669,EXPDTA X-RAY DIFFRACTION,133,0.25340862572193146,-0.25340862572193146
111,1G3P,A,D,134,H,0.048,EXPDTA X-RAY DIFFRACTION,133,3.7319077253341675,-3.7319077253341675
112,1G3P,A,D,134,I,-0.932,EXPDTA X-RAY DIFFRACTION,133,2.819256365299225,-2.819256365299225
113,1G3P,A,D,134,K,-0.335,EXPDTA X-RAY DIFFRACTION,133,1.5546079874038696,-1.5546079874038696
114,1G3P,A,D,134,L,-0.55,EXPDTA X-RAY DIFFRACTION,133,1.5878203958272934,-1.5878203958272934
115,1G3P,A,D,134,M,-0.502,EXPDTA X-RAY DIFFRACTION,133,4.706592321395874,-4.706592321395874
116,1G3P,A,D,134,N,0.072,EXPDTA X-RAY DIFFRACTION,133,-1.305371105670929,1.305371105670929
117,1G3P,A,D,134,P,-0.645,EXPDTA X-RAY DIFFRACTION,133,5.130773544311523,-5.130773544311523
118,1G3P,A,D,134,Q,-0.478,EXPDTA X-RAY DIFFRACTION,133,1.5367342829704285,-1.5367342829704285
119,1G3P,A,D,134,R,-0.669,EXPDTA X-RAY DIFFRACTION,133,2.9290964603424072,-2.9290964603424072
120,1G3P,A,D,134,S,-0.287,EXPDTA X-RAY DIFFRACTION,133,0.10114681348204613,-0.10114681348204613
121,1G3P,A,D,134,T,-0.741,EXPDTA X-RAY DIFFRACTION,133,1.6998938918113708,-1.6998938918113708
122,1G3P,A,D,134,V,-1.123,EXPDTA X-RAY DIFFRACTION,133,2.7637341022491455,-2.7637341022491455
123,1G3P,A,D,134,W,-0.1669999999999999,EXPDTA X-RAY DIFFRACTION,133,5.374749660491943,-5.374749660491943
124,1G3P,A,D,134,Y,-0.072,EXPDTA X-RAY DIFFRACTION,133,3.255331814289093,-3.255331814289093
125,1G3P,A,F,110,V,-3.705,EXPDTA X-RAY DIFFRACTION,109,0.3544560745358467,-0.3544560745358467
126,1G3P,A,N,112,G,0.765,EXPDTA X-RAY DIFFRACTION,111,0.895399808883667,-0.895399808883667
127,1G3P,A,N,113,K,-0.43,EXPDTA X-RAY DIFFRACTION,112,-1.2388692498207092,1.2388692498207092
128,1G3P,A,N,113,V,-2.032,EXPDTA X-RAY DIFFRACTION,112,-1.9226735830307007,1.9226735830307007
129,1G3P,A,Q,111,N,-1.793,EXPDTA X-RAY DIFFRACTION,110,1.294892579317093,-1.294892579317093
130,1G3P,A,Q,119,N,0.263,EXPDTA X-RAY DIFFRACTION,118,-4.149543762207031,4.149543762207031
131,1G3P,A,R,118,V,0.765,EXPDTA X-RAY DIFFRACTION,117,-4.961883783340454,4.961883783340454
132,1GLU,A,C,67,A,-1.22,EXPDTA X-RAY DIFFRACTION,66,2.7656723260879517,-2.7656723260879517
133,1GUA,A,A,63,G,-1.963,EXPDTA X-RAY DIFFRACTION,62,15.106584072113037,-15.106584072113037
134,1GUA,A,A,63,L,-1.951,EXPDTA X-RAY DIFFRACTION,62,16.157400131225586,-16.157400131225586
135,1GUA,A,A,30,G,-2.149,EXPDTA X-RAY DIFFRACTION,29,10.370456218719482,-10.370456218719482
136,1GUA,A,A,42,G,-0.863,EXPDTA X-RAY DIFFRACTION,41,2.1691653728485107,-2.1691653728485107
137,1GUA,A,C,26,A,0.283,EXPDTA X-RAY DIFFRACTION,25,-3.403078317642212,3.403078317642212
138,1GUA,A,C,26,I,-0.912,EXPDTA X-RAY DIFFRACTION,25,3.5700556933879852,-3.5700556933879852
139,1GUA,A,C,40,A,-0.08,EXPDTA X-RAY DIFFRACTION,39,-5.191025257110596,5.191025257110596
140,1GUA,A,C,41,A,-1.759,EXPDTA X-RAY DIFFRACTION,40,4.938216924667358,-4.938216924667358
141,1GUA,A,C,41,L,-0.043,EXPDTA X-RAY DIFFRACTION,40,-2.3315096497535706,2.3315096497535706
142,1GUA,A,C,41,M,-0.337,EXPDTA X-RAY DIFFRACTION,40,-0.11747710406780243,0.11747710406780243
143,1GUA,A,D,62,A,-0.706,EXPDTA X-RAY DIFFRACTION,61,4.432079553604126,-4.432079553604126
144,1GUA,A,D,74,A,-0.855,EXPDTA X-RAY DIFFRACTION,73,2.816336154937744,-2.816336154937744
145,1GUA,A,D,25,A,-0.493,EXPDTA X-RAY DIFFRACTION,24,7.29382848739624,-7.29382848739624
146,1GUA,A,E,49,A,0.021,EXPDTA X-RAY DIFFRACTION,48,2.097699761390686,-2.097699761390686
147,1GUA,A,E,69,A,-0.101,EXPDTA X-RAY DIFFRACTION,68,5.038779020309448,-5.038779020309448
148,1GUA,A,E,70,A,-0.591,EXPDTA X-RAY DIFFRACTION,69,7.71681809425354,-7.71681809425354
149,1GUA,A,I,3,A,-3.274,EXPDTA X-RAY DIFFRACTION,2,18.38288402557373,-18.38288402557373
150,1GUA,A,I,3,F,-1.2990000000000002,EXPDTA X-RAY DIFFRACTION,2,26.134289741516113,-26.134289741516113
151,1GUA,A,I,3,L,-0.7709999999999999,EXPDTA X-RAY DIFFRACTION,2,9.549809455871582,-9.549809455871582
152,1GUA,A,K,54,A,-0.327,EXPDTA X-RAY DIFFRACTION,53,2.7292630672454834,-2.7292630672454834
153,1GUA,A,L,57,A,-2.593,EXPDTA X-RAY DIFFRACTION,56,14.757285594940186,-14.757285594940186
154,1GUA,A,L,66,A,-2.5340000000000003,EXPDTA X-RAY DIFFRACTION,65,15.73684024810791,-15.73684024810791
155,1GUA,A,L,71,A,-3.405,EXPDTA X-RAY DIFFRACTION,70,21.74555206298828,-21.74555206298828
156,1GUA,A,L,7,A,-3.46,EXPDTA X-RAY DIFFRACTION,6,21.794180870056152,-21.794180870056152
157,1GUA,A,L,23,A,-3.803,EXPDTA X-RAY DIFFRACTION,22,11.650933265686035,-11.650933265686035
158,1GUA,A,L,27,A,-3.529,EXPDTA X-RAY DIFFRACTION,26,23.265901565551758,-23.265901565551758
159,1GUA,A,L,27,I,-1.6,EXPDTA X-RAY DIFFRACTION,26,11.788780212402344,-11.788780212402344
160,1GUA,A,L,27,V,-1.7,EXPDTA X-RAY DIFFRACTION,26,15.684213161468506,-15.684213161468506
161,1GUA,A,L,31,A,-3.2260000000000004,EXPDTA X-RAY DIFFRACTION,30,16.084869384765625,-16.084869384765625
162,1GUA,A,L,36,A,-1.575,EXPDTA X-RAY DIFFRACTION,35,14.148454666137695,-14.148454666137695
163,1GUA,A,M,21,A,-0.961,EXPDTA X-RAY DIFFRACTION,20,5.605718374252319,-5.605718374252319
164,1GUA,A,N,1,M,0.271,EXPDTA X-RAY DIFFRACTION,0,2.3343786001205444,-2.3343786001205444
165,1GUA,A,N,9,A,-1.14,EXPDTA X-RAY DIFFRACTION,8,2.2019264698028564,-2.2019264698028564
166,1GUA,A,P,8,A,-1.7080000000000002,EXPDTA X-RAY DIFFRACTION,7,8.932734727859497,-8.932734727859497
167,1GUA,A,P,38,A,-0.0819999999999999,EXPDTA X-RAY DIFFRACTION,37,4.483834981918335,-4.483834981918335
168,1GUA,A,Q,11,A,-0.504,EXPDTA X-RAY DIFFRACTION,10,1.9755381345748901,-1.9755381345748901
169,1GUA,A,R,45,A,-0.693,EXPDTA X-RAY DIFFRACTION,44,8.75295639038086,-8.75295639038086
170,1GUA,A,R,4,A,0.178,EXPDTA X-RAY DIFFRACTION,3,3.681799054145813,-3.681799054145813
171,1GUA,A,R,34,L,1.078,EXPDTA X-RAY DIFFRACTION,33,3.4272738695144653,-3.4272738695144653
172,1GUA,A,S,22,A,-1.5730000000000002,EXPDTA X-RAY DIFFRACTION,21,10.219879627227783,-10.219879627227783
173,1GUA,A,S,22,T,0.581,EXPDTA X-RAY DIFFRACTION,21,-2.0744135975837708,2.0744135975837708
174,1GUA,A,T,13,A,-0.109,EXPDTA X-RAY DIFFRACTION,12,0.49826694279909134,-0.49826694279909134
175,1GUA,A,V,73,A,-3.3680000000000003,EXPDTA X-RAY DIFFRACTION,72,18.537817001342773,-18.537817001342773
176,1GUA,A,V,5,A,-2.251,EXPDTA X-RAY DIFFRACTION,4,13.06256914138794,-13.06256914138794
177,1GUA,A,V,14,A,-1.116,EXPDTA X-RAY DIFFRACTION,13,8.897123098373413,-8.897123098373413
178,1GUA,A,V,15,A,-1.77,EXPDTA X-RAY DIFFRACTION,14,11.068161487579346,-11.068161487579346
179,1GUA,A,V,17,A,-1.052,EXPDTA X-RAY DIFFRACTION,16,16.606963634490967,-16.606963634490967
180,1GUA,A,V,17,I,-0.8640000000000001,EXPDTA X-RAY DIFFRACTION,16,4.13745641708374,-4.13745641708374
181,1GUA,A,V,43,A,-1.981,EXPDTA X-RAY DIFFRACTION,42,9.513418197631836,-9.513418197631836
182,1GWY,A,A,8,D,-1.6,EXPDTA X-RAY DIFFRACTION,7,-5.3084142208099365,5.3084142208099365
183,1H0X,A,P,10,A,-1.936,EXPDTA X-RAY DIFFRACTION,9,8.550915479660034,-8.550915479660034
184,1H0X,A,P,54,A,-2.5810000000000004,EXPDTA X-RAY DIFFRACTION,53,10.567166328430176,-10.567166328430176
185,1HCQ,A,C,67,A,-2.09,EXPDTA X-RAY DIFFRACTION,66,1.7652291357517242,-1.7652291357517242
186,1HCQ,A,C,67,S,-1.99,EXPDTA X-RAY DIFFRACTION,66,6.442626953125,-6.442626953125
187,1IOJ,A,G,15,A,0.4,EXPDTA SOLUTION NMR,14,-1.7977247536182404,1.7977247536182404
188,1IR3,A,W,192,F,0.6,EXPDTA X-RAY DIFFRACTION,191,0.493810772895813,-0.493810772895813
189,1ITM,A,C,25,T,-3.3,EXPDTA SOLUTION NMR,24,9.29843544960022,-9.29843544960022
190,1ITM,A,C,4,T,-5.0,EXPDTA SOLUTION NMR,3,6.144105672836304,-6.144105672836304
191,1ITM,A,W,92,S,1.4,EXPDTA SOLUTION NMR,91,-2.642619740217924,2.642619740217924
192,1IV7,A,A,73,C,0.5,EXPDTA X-RAY DIFFRACTION,72,8.895994186401367,-8.895994186401367
193,1IV7,A,F,89,C,-2.5,EXPDTA X-RAY DIFFRACTION,88,8.326788663864136,-8.326788663864136
194,1IV7,A,L,62,C,-1.9,EXPDTA X-RAY DIFFRACTION,61,15.186184883117676,-15.186184883117676
195,1IV9,A,S,76,Y,4.299,EXPDTA X-RAY DIFFRACTION,75,-4.392562031745911,4.392562031745911
196,1J8I,A,K,25,A,0.1,EXPDTA SOLUTION NMR,24,0.7200442850589752,-0.7200442850589752
197,1J8I,A,K,66,A,0.1,EXPDTA SOLUTION NMR,65,-2.604270875453949,2.604270875453949
198,1J8I,A,R,23,A,0.8,EXPDTA SOLUTION NMR,22,0.5141183137893677,-0.5141183137893677
199,1J8I,A,R,35,A,-0.1,EXPDTA SOLUTION NMR,34,0.7133199386298656,-0.7133199386298656
200,1J8I,A,R,43,A,0.7,EXPDTA SOLUTION NMR,42,-0.24166156351566315,0.24166156351566315
201,1J8I,A,R,9,A,-0.1,EXPDTA SOLUTION NMR,8,-0.2975558862090111,0.2975558862090111
202,1JL9,A,A,20,C,-1.44,EXPDTA X-RAY DIFFRACTION,19,6.2503392696380615,-6.2503392696380615
203,1JLV,A,E,64,D,-1.162,EXPDTA X-RAY DIFFRACTION,63,-2.831462264060974,2.831462264060974
204,1JLV,A,E,64,N,-2.3040000000000003,EXPDTA X-RAY DIFFRACTION,63,-2.138696253299713,2.138696253299713
205,1JLV,A,E,64,Q,-2.302,EXPDTA X-RAY DIFFRACTION,63,1.8248125314712524,-1.8248125314712524
206,1L6H,A,F,39,A,-1.6969999999999998,EXPDTA SOLUTION NMR,38,10.435826301574707,-10.435826301574707
207,1L6H,A,Y,45,A,-0.55,EXPDTA SOLUTION NMR,44,12.772038459777832,-12.772038459777832
208,1L6H,A,Y,48,A,-1.482,EXPDTA SOLUTION NMR,47,0.2176755666732788,-0.2176755666732788
209,1LVM,A,E,114,G,1.4,EXPDTA X-RAY DIFFRACTION,113,-0.8494750261306763,0.8494750261306763
210,1LVM,A,K,53,F,0.43,EXPDTA X-RAY DIFFRACTION,52,10.52521562576294,-10.52521562576294
211,1LVM,A,L,64,V,0.0,EXPDTA X-RAY DIFFRACTION,63,-1.4019956588745117,1.4019956588745117
212,1LVM,A,Q,66,F,0.6,EXPDTA X-RAY DIFFRACTION,65,1.8457662463188171,-1.8457662463188171
213,1LVM,A,S,143,G,0.0,EXPDTA X-RAY DIFFRACTION,142,2.850435256958008,-2.850435256958008
214,1N18,A,E,100,G,-2.5,EXPDTA X-RAY DIFFRACTION,99,13.13482141494751,-13.13482141494751
215,1N18,A,G,85,R,-1.4,EXPDTA X-RAY DIFFRACTION,84,19.381505966186523,-19.381505966186523
216,1N18,A,H,46,R,1.4,EXPDTA X-RAY DIFFRACTION,45,4.133066892623901,-4.133066892623901
217,1N18,A,V,148,I,0.1,EXPDTA X-RAY DIFFRACTION,147,2.6440528631210327,-2.6440528631210327
218,1N88,A,F,21,A,-1.39,EXPDTA SOLUTION NMR,20,4.279354095458984,-4.279354095458984
219,1N88,A,I,39,A,-1.39,EXPDTA SOLUTION NMR,38,27.504566192626953,-27.504566192626953
220,1N88,A,I,80,A,-2.79,EXPDTA SOLUTION NMR,79,4.980154037475586,-4.980154037475586
221,1N88,A,I,89,A,-2.35,EXPDTA SOLUTION NMR,88,17.523491859436035,-17.523491859436035
222,1N88,A,I,8,V,-1.52,EXPDTA SOLUTION NMR,7,5.27346658706665,-5.27346658706665
223,1N88,A,L,13,A,-1.52,EXPDTA SOLUTION NMR,12,6.485776662826538,-6.485776662826538
224,1N88,A,L,57,A,-1.11,EXPDTA SOLUTION NMR,56,-1.0893421098589897,1.0893421098589897
225,1N88,A,V,12,A,-1.94,EXPDTA SOLUTION NMR,11,9.998426914215088,-9.998426914215088
226,1N88,A,V,30,A,-2.84,EXPDTA SOLUTION NMR,29,15.120827674865723,-15.120827674865723
227,1N88,A,V,43,A,-2.82,EXPDTA SOLUTION NMR,42,6.124142646789551,-6.124142646789551
228,1N88,A,V,49,A,-2.83,EXPDTA SOLUTION NMR,48,16.927260398864746,-16.927260398864746
229,1N88,A,V,51,A,-3.24,EXPDTA SOLUTION NMR,50,18.9126615524292,-18.9126615524292
230,1N88,A,V,54,A,-3.73,EXPDTA SOLUTION NMR,53,19.37874412536621,-19.37874412536621
231,1N88,A,V,81,A,-2.82,EXPDTA SOLUTION NMR,80,18.577080726623535,-18.577080726623535
232,1N88,A,V,83,A,-3.1,EXPDTA SOLUTION NMR,82,11.805042266845703,-11.805042266845703
233,1N88,A,Y,18,A,0.06,EXPDTA SOLUTION NMR,17,2.156699001789093,-2.156699001789093
234,1N88,A,Y,26,A,-4.61,EXPDTA SOLUTION NMR,25,12.381121635437012,-12.381121635437012
235,1NM1,A,D,176,N,-0.88,EXPDTA X-RAY DIFFRACTION,175,3.6403770446777344,-3.6403770446777344
236,1NM1,A,D,176,Y,-1.9,EXPDTA X-RAY DIFFRACTION,175,8.599013328552246,-8.599013328552246
237,1O1U,A,E,110,A,-3.3,EXPDTA SOLUTION NMR,109,5.8244006633758545,-5.8244006633758545
238,1O1U,A,N,61,A,-1.2,EXPDTA SOLUTION NMR,60,17.584778785705566,-17.584778785705566
239,1O1U,A,Q,51,A,-0.3,EXPDTA SOLUTION NMR,50,0.8260389268398285,-0.8260389268398285
240,1O1U,A,Q,99,A,0.3,EXPDTA SOLUTION NMR,98,3.741953134536743,-3.741953134536743
241,1O1U,A,T,38,A,-1.2,EXPDTA SOLUTION NMR,37,6.344927787780762,-6.344927787780762
242,1O1U,A,W,49,Y,-1.2,EXPDTA SOLUTION NMR,48,1.4535429701209068,-1.4535429701209068
243,1O6X,A,A,31,G,-1.2,EXPDTA SOLUTION NMR,30,2.9236329793930054,-2.9236329793930054
244,1O6X,A,A,50,G,-1.4,EXPDTA SOLUTION NMR,49,5.520185947418213,-5.520185947418213
245,1O6X,A,D,38,A,0.36,EXPDTA SOLUTION NMR,37,2.1054117679595947,-2.1054117679595947
246,1O6X,A,E,14,A,-0.3,EXPDTA SOLUTION NMR,13,1.8125593066215515,-1.8125593066215515
247,1O6X,A,E,20,G,-1.42,EXPDTA SOLUTION NMR,19,8.465440273284912,-8.465440273284912
248,1O6X,A,F,39,L,-1.88,EXPDTA SOLUTION NMR,38,-2.439173936843872,2.439173936843872
249,1O6X,A,F,65,A,-0.98,EXPDTA SOLUTION NMR,64,3.4946113228797913,-3.4946113228797913
250,1O6X,A,H,51,A,-0.61,EXPDTA SOLUTION NMR,50,2.6041632890701294,-2.6041632890701294
251,1O6X,A,I,15,V,-0.43,EXPDTA SOLUTION NMR,14,-1.718298316001892,1.718298316001892
252,1O6X,A,I,23,V,0.42,EXPDTA SOLUTION NMR,22,9.467328548431396,-9.467328548431396
253,1O6X,A,I,71,V,-1.31,EXPDTA SOLUTION NMR,70,6.1732659339904785,-6.1732659339904785
254,1O6X,A,I,75,A,-1.31,EXPDTA SOLUTION NMR,74,0.1784864068031311,-0.1784864068031311
255,1O6X,A,K,41,A,-1.98,EXPDTA SOLUTION NMR,40,5.00205659866333,-5.00205659866333
256,1O6X,A,L,26,V,-0.97,EXPDTA SOLUTION NMR,25,7.657575607299805,-7.657575607299805
257,1O6X,A,N,58,A,-0.08,EXPDTA SOLUTION NMR,57,0.6864937245845795,-0.6864937245845795
258,1O6X,A,Q,60,G,-0.49,EXPDTA SOLUTION NMR,59,-1.1354392170906067,1.1354392170906067
259,1O6X,A,V,12,A,-1.1,EXPDTA SOLUTION NMR,11,11.34421968460083,-11.34421968460083
260,1O6X,A,V,52,A,-1.08,EXPDTA SOLUTION NMR,51,9.176277875900269,-9.176277875900269
261,1O6X,A,V,64,G,-1.1,EXPDTA SOLUTION NMR,63,-1.0520169138908386,1.0520169138908386
262,1O6X,A,Y,73,L,-2.78,EXPDTA SOLUTION NMR,72,16.384739875793457,-16.384739875793457
263,1OSI,A,I,11,V,-0.05,EXPDTA X-RAY DIFFRACTION,10,0.700211763381958,-0.700211763381958
264,1OSI,A,S,92,F,0.39,EXPDTA X-RAY DIFFRACTION,91,3.645809054374695,-3.645809054374695
265,1OSI,A,V,126,M,-2.25,EXPDTA X-RAY DIFFRACTION,125,10.823256492614746,-10.823256492614746
266,1OSI,A,V,15,I,-0.78,EXPDTA X-RAY DIFFRACTION,14,-1.5796837210655212,1.5796837210655212
267,1PFL,A,A,20,T,-1.53,EXPDTA SOLUTION NMR,19,20.613638877868652,-20.613638877868652
268,1PFL,A,G,117,V,-1.96,EXPDTA SOLUTION NMR,116,21.70230007171631,-21.70230007171631
269,1PFL,A,M,113,T,-3.53,EXPDTA SOLUTION NMR,112,7.167036294937134,-7.167036294937134
270,1PFL,A,Q,138,L,1.82,EXPDTA SOLUTION NMR,137,2.87008535861969,-2.87008535861969
271,1PFL,A,T,108,M,0.07,EXPDTA SOLUTION NMR,107,0.3112257346510887,-0.3112257346510887
272,1PRE,A,C,158,S,-2.4,EXPDTA X-RAY DIFFRACTION,157,8.536888122558594,-8.536888122558594
273,1PRG,A,E,254,K,-0.17,EXPDTA X-RAY DIFFRACTION,253,4.056045413017273,-4.056045413017273
274,1PRG,A,F,154,L,-0.4,EXPDTA X-RAY DIFFRACTION,153,14.82593297958374,-14.82593297958374
275,1PRG,A,P,261,L,0.11,EXPDTA X-RAY DIFFRACTION,260,12.512065887451172,-12.512065887451172
276,1PRG,A,Q,80,P,-0.3,EXPDTA X-RAY DIFFRACTION,79,24.711538314819336,-24.711538314819336
277,1PRG,A,R,82,H,0.06,EXPDTA X-RAY DIFFRACTION,81,3.7658329010009766,-3.7658329010009766
278,1PRG,A,R,151,A,0.19,EXPDTA X-RAY DIFFRACTION,150,2.7513747215270996,-2.7513747215270996
279,1PRG,A,V,84,M,0.03,EXPDTA X-RAY DIFFRACTION,83,11.136677265167236,-11.136677265167236
280,1R2Y,A,R,243,E,-4.2,EXPDTA X-RAY DIFFRACTION,242,4.192069262266159,-4.192069262266159
281,1R6R,A,I,68,N,-0.13,EXPDTA SOLUTION NMR,67,9.175106048583984,-9.175106048583984
282,1R6R,A,L,30,S,-2.81,EXPDTA SOLUTION NMR,29,1.3121582753956318,-1.3121582753956318
283,1R6R,A,L,34,S,-0.24,EXPDTA SOLUTION NMR,33,6.541851758956909,-6.541851758956909
284,1R6R,A,L,61,N,-6.84,EXPDTA SOLUTION NMR,60,7.969567775726318,-7.969567775726318
285,1SPD,A,C,111,S,0.8,EXPDTA X-RAY DIFFRACTION,110,0.9673008993268013,-0.9673008993268013
286,1SPD,A,C,6,A,0.1,EXPDTA X-RAY DIFFRACTION,5,-0.28506410121917725,0.28506410121917725
287,1X0J,A,D,83,N,-4.1,EXPDTA X-RAY DIFFRACTION,82,0.9664982557296753,-0.9664982557296753
288,1X0J,A,D,83,Y,-4.02,EXPDTA X-RAY DIFFRACTION,82,2.556325674057007,-2.556325674057007
289,1X0J,A,D,84,N,-2.21,EXPDTA X-RAY DIFFRACTION,83,-0.2795213498175144,0.2795213498175144
290,1X0J,A,D,84,Y,-3.38,EXPDTA X-RAY DIFFRACTION,83,4.7452110052108765,-4.7452110052108765
291,1X0J,A,E,65,K,-3.48,EXPDTA X-RAY DIFFRACTION,64,7.948004484176636,-7.948004484176636
292,1X0J,A,R,27,L,-5.22,EXPDTA X-RAY DIFFRACTION,26,3.9662466049194336,-3.9662466049194336
293,1X0J,A,Y,76,H,-6.49,EXPDTA X-RAY DIFFRACTION,75,1.3238904476165771,-1.3238904476165771
294,1XWS,A,E,92,Q,-2.9,EXPDTA X-RAY DIFFRACTION,91,0.48357439041137695,-0.48357439041137695
295,1XWS,A,E,103,K,-4.59,EXPDTA X-RAY DIFFRACTION,102,0.5360209196805954,-0.5360209196805954
296,1XWS,A,E,110,D,-3.22,EXPDTA X-RAY DIFFRACTION,109,2.6673154830932617,-2.6673154830932617
297,1XWS,A,Y,21,H,-3.3,EXPDTA X-RAY DIFFRACTION,20,2.9902398586273193,-2.9902398586273193
298,1XXN,A,N,181,R,0.358,EXPDTA X-RAY DIFFRACTION,180,3.114527106285095,-3.114527106285095
299,1XXN,A,N,32,D,-0.86,EXPDTA X-RAY DIFFRACTION,31,4.334018230438232,-4.334018230438232
300,1XXN,A,N,54,E,-0.645,EXPDTA X-RAY DIFFRACTION,53,3.4413570165634155,-3.4413570165634155
301,1XXN,A,S,22,E,0.239,EXPDTA X-RAY DIFFRACTION,21,1.768511325120926,-1.768511325120926
302,1XXN,A,S,27,E,-0.645,EXPDTA X-RAY DIFFRACTION,26,10.197468757629395,-10.197468757629395
303,1XZO,A,F,40,W,2.87,EXPDTA X-RAY DIFFRACTION,39,0.10528290271759033,-0.10528290271759033
304,1XZO,A,W,99,F,-2.89,EXPDTA X-RAY DIFFRACTION,98,3.4867738485336304,-3.4867738485336304
305,1XZO,A,W,34,A,-8.93,EXPDTA X-RAY DIFFRACTION,33,7.343297004699707,-7.343297004699707
306,1XZO,A,W,34,F,-4.25,EXPDTA X-RAY DIFFRACTION,33,-1.2804708182811737,1.2804708182811737
307,2ARF,A,H,38,Q,-0.7170000000000001,EXPDTA SOLUTION NMR,37,-0.30864524841308594,0.30864524841308594
308,2BJD,A,V,73,D,-4.493,EXPDTA X-RAY DIFFRACTION,72,29.947643280029297,-29.947643280029297
309,2BJD,A,V,73,P,-4.517,EXPDTA X-RAY DIFFRACTION,72,29.97630500793457,-29.97630500793457
310,2BJD,A,Y,75,E,-2.103,EXPDTA X-RAY DIFFRACTION,74,7.8213419914245605,-7.8213419914245605
311,2C9Q,A,Y,79,F,-0.012,EXPDTA X-RAY DIFFRACTION,78,8.002359390258789,-8.002359390258789
312,2C9Q,A,Y,79,W,-1.233,EXPDTA X-RAY DIFFRACTION,78,13.603568077087402,-13.603568077087402
313,2CLR,A,H,14,F,0.12,EXPDTA X-RAY DIFFRACTION,13,-0.4986249953508377,0.4986249953508377
314,2CLR,A,H,32,F,2.605,EXPDTA X-RAY DIFFRACTION,31,-2.926312267780304,2.926312267780304
315,2CLR,A,H,52,F,-1.912,EXPDTA X-RAY DIFFRACTION,51,2.3864927291870117,-2.3864927291870117
316,2CLR,A,H,85,A,-2.629,EXPDTA X-RAY DIFFRACTION,84,11.11676549911499,-11.11676549911499
317,2DVV,A,Q,100,H,0.89,EXPDTA X-RAY DIFFRACTION,99,2.9145666360855103,-2.9145666360855103
318,2DVV,A,R,76,W,-0.02,EXPDTA X-RAY DIFFRACTION,75,6.015419006347656,-6.015419006347656
319,2H3F,A,E,11,A,1.07,EXPDTA SOLUTION NMR,10,7.590433597564697,-7.590433597564697
320,2HBB,A,A,22,G,-0.32,EXPDTA X-RAY DIFFRACTION,21,1.7111289501190186,-1.7111289501190186
321,2HBB,A,A,26,G,-1.79,EXPDTA X-RAY DIFFRACTION,25,7.732505559921265,-7.732505559921265
322,2HBB,A,A,36,G,-1.55,EXPDTA X-RAY DIFFRACTION,35,6.849846363067627,-6.849846363067627
323,2HBB,A,A,39,G,-1.59,EXPDTA X-RAY DIFFRACTION,38,9.020333290100098,-9.020333290100098
324,2HBB,A,A,42,G,-0.33,EXPDTA X-RAY DIFFRACTION,41,3.169441819190979,-3.169441819190979
325,2HBB,A,A,46,G,-0.55,EXPDTA X-RAY DIFFRACTION,45,5.427259922027588,-5.427259922027588
326,2HBB,A,A,49,G,-0.22,EXPDTA X-RAY DIFFRACTION,48,5.584134101867676,-5.584134101867676
327,2HBB,A,D,23,A,-0.03,EXPDTA X-RAY DIFFRACTION,22,-0.5616346597671509,0.5616346597671509
328,2HBB,A,D,23,N,-0.79,EXPDTA X-RAY DIFFRACTION,22,1.3712567389011383,-1.3712567389011383
329,2HBB,A,D,8,A,-1.3,EXPDTA X-RAY DIFFRACTION,7,10.881131649017334,-10.881131649017334
330,2HBB,A,D,8,N,-0.38,EXPDTA X-RAY DIFFRACTION,7,2.4818068742752075,-2.4818068742752075
331,2HBB,A,E,17,A,-1.69,EXPDTA X-RAY DIFFRACTION,16,10.226397514343262,-10.226397514343262
332,2HBB,A,E,17,Q,-0.33,EXPDTA X-RAY DIFFRACTION,16,4.9411540031433105,-4.9411540031433105
333,2HBB,A,E,38,A,-0.41,EXPDTA X-RAY DIFFRACTION,37,-0.2161847772076726,0.2161847772076726
334,2HBB,A,E,38,Q,-0.68,EXPDTA X-RAY DIFFRACTION,37,2.0509191751480103,-2.0509191751480103
335,2HBB,A,E,48,Q,0.07,EXPDTA X-RAY DIFFRACTION,47,3.6318626403808594,-3.6318626403808594
336,2HBB,A,F,31,A,-2.84,EXPDTA X-RAY DIFFRACTION,30,4.423730045557022,-4.423730045557022
337,2HBB,A,F,5,L,-1.15,EXPDTA X-RAY DIFFRACTION,4,7.304276943206787,-7.304276943206787
338,2HBB,A,G,24,A,0.02,EXPDTA X-RAY DIFFRACTION,23,-0.7355893850326538,0.7355893850326538
339,2HBB,A,G,34,A,-1.02,EXPDTA X-RAY DIFFRACTION,33,14.97337818145752,-14.97337818145752
340,2HBB,A,I,18,A,-2.05,EXPDTA X-RAY DIFFRACTION,17,17.328805923461914,-17.328805923461914
341,2HBB,A,I,18,V,-0.07,EXPDTA X-RAY DIFFRACTION,17,-2.000552535057068,2.000552535057068
342,2HBB,A,I,37,A,-1.28,EXPDTA X-RAY DIFFRACTION,36,5.0106189250946045,-5.0106189250946045
343,2HBB,A,I,37,V,0.09,EXPDTA X-RAY DIFFRACTION,36,-0.9756610989570618,0.9756610989570618
344,2HBB,A,I,4,V,-0.59,EXPDTA X-RAY DIFFRACTION,3,6.543331146240234,-6.543331146240234
345,2HBB,A,K,10,E,0.13,EXPDTA X-RAY DIFFRACTION,9,-1.208282321691513,1.208282321691513
346,2HBB,A,K,10,M,0.47,EXPDTA X-RAY DIFFRACTION,9,9.056689262390137,-9.056689262390137
347,2HBB,A,K,12,A,0.61,EXPDTA X-RAY DIFFRACTION,11,4.986322402954102,-4.986322402954102
348,2HBB,A,K,12,G,0.03,EXPDTA X-RAY DIFFRACTION,11,6.93473219871521,-6.93473219871521
349,2HBB,A,K,12,M,1.8,EXPDTA X-RAY DIFFRACTION,11,1.3485791087150574,-1.3485791087150574
350,2HBB,A,K,14,A,-0.73,EXPDTA X-RAY DIFFRACTION,13,4.48859179019928,-4.48859179019928
351,2HBB,A,K,14,G,-1.3,EXPDTA X-RAY DIFFRACTION,13,7.594761848449707,-7.594761848449707
352,2HBB,A,K,14,M,-0.34,EXPDTA X-RAY DIFFRACTION,13,8.551828861236572,-8.551828861236572
353,2HBB,A,K,15,G,-1.74,EXPDTA X-RAY DIFFRACTION,14,10.861042499542236,-10.861042499542236
354,2HBB,A,K,15,M,-0.44,EXPDTA X-RAY DIFFRACTION,14,10.12555742263794,-10.12555742263794
355,2HBB,A,K,7,M,0.21,EXPDTA X-RAY DIFFRACTION,6,10.361628532409668,-10.361628532409668
356,2HBB,A,L,30,A,-2.76,EXPDTA X-RAY DIFFRACTION,29,13.990803718566895,-13.990803718566895
357,2HBB,A,L,35,A,-1.21,EXPDTA X-RAY DIFFRACTION,34,11.395749568939209,-11.395749568939209
358,2HBB,A,L,44,A,-1.73,EXPDTA X-RAY DIFFRACTION,43,12.175501346588135,-12.175501346588135
359,2HBB,A,L,47,A,-0.84,EXPDTA X-RAY DIFFRACTION,46,8.43332576751709,-8.43332576751709
360,2HBB,A,L,6,A,-3.1,EXPDTA X-RAY DIFFRACTION,5,8.400222539901733,-8.400222539901733
361,2HBB,A,M,1,A,-1.46,EXPDTA X-RAY DIFFRACTION,0,9.194992780685425,-9.194992780685425
362,2HBB,A,T,40,S,-0.8,EXPDTA X-RAY DIFFRACTION,39,3.2434816360473633,-3.2434816360473633
363,2HBB,A,V,21,A,-2.33,EXPDTA X-RAY DIFFRACTION,20,18.571431159973145,-18.571431159973145
364,2HBB,A,V,3,A,-2.55,EXPDTA X-RAY DIFFRACTION,2,12.136574745178223,-12.136574745178223
365,2HBB,A,V,9,A,-1.81,EXPDTA X-RAY DIFFRACTION,8,12.909332275390625,-12.909332275390625
366,2JIE,A,C,167,A,2.997,EXPDTA X-RAY DIFFRACTION,166,-3.1118643283843994,3.1118643283843994
367,2JIE,A,C,167,Q,2.5810000000000004,EXPDTA X-RAY DIFFRACTION,166,-3.044331908226013,3.044331908226013
368,2JIE,A,E,154,D,-2.075,EXPDTA X-RAY DIFFRACTION,153,-0.6615920066833496,0.6615920066833496
369,2JIE,A,E,164,A,4.247,EXPDTA X-RAY DIFFRACTION,163,5.80765962600708,-5.80765962600708
370,2JIE,A,E,222,A,-4.36,EXPDTA X-RAY DIFFRACTION,221,2.5160349011421204,-2.5160349011421204
371,2JIE,A,E,222,H,-1.515,EXPDTA X-RAY DIFFRACTION,221,0.9114363715052605,-0.9114363715052605
372,2JIE,A,E,406,A,0.825,EXPDTA X-RAY DIFFRACTION,405,-2.2115408182144165,2.2115408182144165
373,2JIE,A,E,406,D,-0.909,EXPDTA X-RAY DIFFRACTION,405,0.3701975494623184,-0.3701975494623184
374,2JIE,A,E,423,S,0.87,EXPDTA X-RAY DIFFRACTION,422,2.936197519302368,-2.936197519302368
375,2JIE,A,F,415,A,-0.165,EXPDTA X-RAY DIFFRACTION,414,8.981721878051758,-8.981721878051758
376,2JIE,A,H,101,R,1.536,EXPDTA X-RAY DIFFRACTION,100,-4.176592826843262,4.176592826843262
377,2JIE,A,I,244,E,1.241,EXPDTA X-RAY DIFFRACTION,243,6.211160898208618,-6.211160898208618
378,2JIE,A,I,244,N,0.974,EXPDTA X-RAY DIFFRACTION,243,6.769931793212891,-6.769931793212891
379,2JIE,A,L,171,A,-0.79,EXPDTA X-RAY DIFFRACTION,170,7.700374603271484,-7.700374603271484
380,2JIE,A,L,171,R,0.336,EXPDTA X-RAY DIFFRACTION,170,6.665348529815674,-6.665348529815674
381,2JIE,A,M,221,A,-4.098,EXPDTA X-RAY DIFFRACTION,220,2.6959396600723267,-2.6959396600723267
382,2JIE,A,M,323,A,-1.298,EXPDTA X-RAY DIFFRACTION,322,-0.9694606363773346,0.9694606363773346
383,2JIE,A,N,163,A,-3.397,EXPDTA X-RAY DIFFRACTION,162,7.239330053329468,-7.239330053329468
384,2JIE,A,N,163,C,-2.964,EXPDTA X-RAY DIFFRACTION,162,9.5915846824646,-9.5915846824646
385,2JIE,A,N,220,A,-0.6709999999999999,EXPDTA X-RAY DIFFRACTION,219,-0.7036293148994446,0.7036293148994446
386,2JIE,A,N,220,G,3.462,EXPDTA X-RAY DIFFRACTION,219,1.7891483008861542,-1.7891483008861542
387,2JIE,A,N,220,H,2.583,EXPDTA X-RAY DIFFRACTION,219,-3.0596354007720947,3.0596354007720947
388,2JIE,A,N,220,R,3.976,EXPDTA X-RAY DIFFRACTION,219,-2.4915605783462524,2.4915605783462524
389,2JIE,A,N,220,Y,5.73,EXPDTA X-RAY DIFFRACTION,219,-2.3047284185886383,2.3047284185886383
390,2JIE,A,N,293,A,-2.25,EXPDTA X-RAY DIFFRACTION,292,2.7157680988311768,-2.7157680988311768
391,2JIE,A,N,293,C,-0.017,EXPDTA X-RAY DIFFRACTION,292,9.15535831451416,-9.15535831451416
392,2JIE,A,N,404,A,0.464,EXPDTA X-RAY DIFFRACTION,403,-0.9184459447860718,0.9184459447860718
393,2JIE,A,N,404,C,0.143,EXPDTA X-RAY DIFFRACTION,403,-0.9676624983549118,0.9676624983549118
394,2JIE,A,Q,19,S,-0.209,EXPDTA X-RAY DIFFRACTION,18,-0.1623760461807251,0.1623760461807251
395,2JIE,A,R,240,A,-0.166,EXPDTA X-RAY DIFFRACTION,239,-4.170458555221558,4.170458555221558
396,2JIE,A,R,240,D,0.213,EXPDTA X-RAY DIFFRACTION,239,8.017038822174072,-8.017038822174072
397,2JIE,A,R,240,K,-1.463,EXPDTA X-RAY DIFFRACTION,239,1.8459960222244263,-1.8459960222244263
398,2JIE,A,S,14,A,-1.246,EXPDTA X-RAY DIFFRACTION,13,0.8759166300296783,-0.8759166300296783
399,2JIE,A,S,16,A,0.951,EXPDTA X-RAY DIFFRACTION,15,-1.2873950600624084,1.2873950600624084
400,2JIE,A,S,331,A,-1.454,EXPDTA X-RAY DIFFRACTION,330,-0.7340860739350319,0.7340860739350319
401,2JIE,A,S,400,A,0.92,EXPDTA X-RAY DIFFRACTION,399,3.3962180614471436,-3.3962180614471436
402,2JIE,A,T,15,A,-0.994,EXPDTA X-RAY DIFFRACTION,14,4.191248297691345,-4.191248297691345
403,2JIE,A,T,218,A,3.189,EXPDTA X-RAY DIFFRACTION,217,6.037248611450195,-6.037248611450195
404,2JIE,A,T,352,A,-2.9610000000000003,EXPDTA X-RAY DIFFRACTION,351,7.116751670837402,-7.116751670837402
405,2JIE,A,W,120,F,2.19,EXPDTA X-RAY DIFFRACTION,119,0.2920229434967041,-0.2920229434967041
406,2JIE,A,W,120,H,1.06,EXPDTA X-RAY DIFFRACTION,119,-1.614011511206627,1.614011511206627
407,2JIE,A,W,325,A,-1.159,EXPDTA X-RAY DIFFRACTION,324,3.0698885917663574,-3.0698885917663574
408,2JIE,A,W,325,C,-2.664,EXPDTA X-RAY DIFFRACTION,324,5.9944406151771545,-5.9944406151771545
409,2JIE,A,W,325,H,-2.573,EXPDTA X-RAY DIFFRACTION,324,0.6366809606552124,-0.6366809606552124
410,2JIE,A,W,325,R,-0.95,EXPDTA X-RAY DIFFRACTION,324,0.781994104385376,-0.781994104385376
411,2JIE,A,W,399,C,-0.36,EXPDTA X-RAY DIFFRACTION,398,13.292075157165527,-13.292075157165527
412,2JIE,A,W,399,R,2.615,EXPDTA X-RAY DIFFRACTION,398,10.077952861785889,-10.077952861785889
413,2JIE,A,W,409,Y,0.599,EXPDTA X-RAY DIFFRACTION,408,-1.735966980457306,1.735966980457306
414,2JIE,A,Y,18,A,-3.443,EXPDTA X-RAY DIFFRACTION,17,3.4119685888290405,-3.4119685888290405
415,2JIE,A,Y,294,A,1.072,EXPDTA X-RAY DIFFRACTION,293,11.773249626159668,-11.773249626159668
416,2JIE,A,Y,294,F,-1.853,EXPDTA X-RAY DIFFRACTION,293,0.7367873582988977,-0.7367873582988977
417,2JUC,A,C,53,D,-2.54,EXPDTA SOLUTION NMR,52,7.421045780181885,-7.421045780181885
418,2JUC,A,C,53,S,-0.71,EXPDTA SOLUTION NMR,52,0.5614186823368073,-0.5614186823368073
419,2JUC,A,R,14,A,-1.75,EXPDTA SOLUTION NMR,13,7.792158126831055,-7.792158126831055
420,2KJ3,A,D,72,A,1.2,EXPDTA SOLID-STATE NMR,71,0.12106138467788696,-0.12106138467788696
421,2KJ3,A,E,56,A,1.9,EXPDTA SOLID-STATE NMR,55,1.3764240741729736,-1.3764240741729736
422,2KJ3,A,G,62,A,-0.8,EXPDTA SOLID-STATE NMR,61,24.76248264312744,-24.76248264312744
423,2KJ3,A,K,13,A,1.5,EXPDTA SOLID-STATE NMR,12,1.4059388041496277,-1.4059388041496277
424,2KJ3,A,L,25,A,1.0,EXPDTA SOLID-STATE NMR,24,15.572134017944336,-15.572134017944336
425,2KJ3,A,S,57,A,1.4,EXPDTA SOLID-STATE NMR,56,1.691162109375,-1.691162109375
426,2KJ3,A,V,23,A,1.0,EXPDTA SOLID-STATE NMR,22,12.169834613800049,-12.169834613800049
427,2KJ3,A,V,48,A,1.0,EXPDTA SOLID-STATE NMR,47,6.261544227600098,-6.261544227600098
428,2KJ3,A,V,51,A,0.2,EXPDTA SOLID-STATE NMR,50,9.897855758666992,-9.897855758666992
429,2KS4,A,D,9,A,1.26,EXPDTA SOLUTION NMR,8,5.693498134613037,-5.693498134613037
430,2KS4,A,E,2,A,-0.23,EXPDTA SOLUTION NMR,1,-1.757053017616272,1.757053017616272
431,2LTB,A,L,59,P,-1.57,EXPDTA SOLUTION NMR,58,28.623380661010742,-28.623380661010742
432,2LTB,A,L,70,R,-3.11,EXPDTA SOLUTION NMR,69,19.907605171203613,-19.907605171203613
433,2LTB,A,M,120,K,-3.34,EXPDTA SOLUTION NMR,119,-0.10286116600036621,0.10286116600036621
434,2LTB,A,R,34,Q,-1.1,EXPDTA SOLUTION NMR,33,0.948628306388855,-0.948628306388855
435,2LTB,A,R,56,Q,-0.36,EXPDTA SOLUTION NMR,55,4.836256742477417,-4.836256742477417
436,2LTB,A,R,56,W,1.79,EXPDTA SOLUTION NMR,55,12.260073184967041,-12.260073184967041
437,2M5S,A,D,81,A,-4.0,EXPDTA SOLUTION NMR,80,14.253471374511719,-14.253471374511719
438,2M5S,A,H,84,A,-2.0,EXPDTA SOLUTION NMR,83,2.6766316890716553,-2.6766316890716553
439,2MPC,A,A,86,T,-0.24,EXPDTA SOLUTION NMR,85,8.406813144683838,-8.406813144683838
440,2MPC,A,R,39,A,0.62,EXPDTA SOLUTION NMR,38,-0.41855213791131973,0.41855213791131973
441,2MPC,A,R,39,W,2.08,EXPDTA SOLUTION NMR,38,4.540783882141113,-4.540783882141113
442,2N7Z,A,P,88,A,-0.6,EXPDTA SOLUTION NMR,87,9.029162883758545,-9.029162883758545
443,2NTE,A,I,171,V,-2.0,EXPDTA X-RAY DIFFRACTION,170,3.676669120788574,-3.676669120788574
444,2NTE,A,R,91,C,-2.3,EXPDTA X-RAY DIFFRACTION,90,8.897911071777344,-8.897911071777344
445,2OUO,A,A,72,D,0.44,EXPDTA X-RAY DIFFRACTION,71,-1.3078963458538055,1.3078963458538055
446,2PR5,A,A,13,Y,0.5,EXPDTA X-RAY DIFFRACTION,12,4.943183898925781,-4.943183898925781
447,2PR5,A,A,61,M,-0.4,EXPDTA X-RAY DIFFRACTION,60,19.58433246612549,-19.58433246612549
448,2PR5,A,D,89,E,0.3,EXPDTA X-RAY DIFFRACTION,88,-2.8204967975616455,2.8204967975616455
449,2PR5,A,H,2,K,0.3,EXPDTA X-RAY DIFFRACTION,1,-2.855191707611084,2.855191707611084
450,2PR5,A,H,2,W,1.2,EXPDTA X-RAY DIFFRACTION,1,3.817461371421814,-3.817461371421814
451,2PR5,A,M,91,F,2.9,EXPDTA X-RAY DIFFRACTION,90,1.27235746383667,-1.27235746383667
452,2PR5,A,N,87,F,0.9,EXPDTA X-RAY DIFFRACTION,86,0.4446824640035629,-0.4446824640035629
453,2PR5,A,N,87,Y,0.8,EXPDTA X-RAY DIFFRACTION,86,0.152329970151186,-0.152329970151186
454,2PR5,A,N,104,F,1.1,EXPDTA X-RAY DIFFRACTION,103,1.0610789889469743,-1.0610789889469743
455,2PR5,A,N,104,Y,2.6,EXPDTA X-RAY DIFFRACTION,103,0.21674537658691406,-0.21674537658691406
456,2PR5,A,T,10,M,0.5,EXPDTA X-RAY DIFFRACTION,9,2.302116811275482,-2.302116811275482
457,2PR5,A,T,30,M,-0.5,EXPDTA X-RAY DIFFRACTION,29,16.863478660583496,-16.863478660583496
458,2PR5,A,T,34,Y,0.2,EXPDTA X-RAY DIFFRACTION,33,3.695985734462738,-3.695985734462738
459,2PR5,A,V,100,I,1.4,EXPDTA X-RAY DIFFRACTION,99,0.523751899600029,-0.523751899600029
460,2PR5,A,V,5,I,0.4,EXPDTA X-RAY DIFFRACTION,4,0.12994416058063507,-0.12994416058063507
461,2PR5,A,V,68,L,-0.2,EXPDTA X-RAY DIFFRACTION,67,10.92665433883667,-10.92665433883667
462,2PR5,A,V,70,I,-0.7,EXPDTA X-RAY DIFFRACTION,69,8.037913799285889,-8.037913799285889
463,2PTL,A,A,22,G,-2.43,EXPDTA SOLUTION NMR,21,9.427958488464355,-9.427958488464355
464,2PTL,A,A,27,P,0.1,EXPDTA SOLUTION NMR,26,2.4004309847950935,-2.4004309847950935
465,2PTL,A,A,27,V,-0.83,EXPDTA SOLUTION NMR,26,5.7743260860443115,-5.7743260860443115
466,2PTL,A,A,34,G,-2.17,EXPDTA SOLUTION NMR,33,7.946337938308716,-7.946337938308716
467,2PTL,A,A,34,V,1.47,EXPDTA SOLUTION NMR,33,-3.935487389564514,3.935487389564514
468,2PTL,A,A,43,G,-2.54,EXPDTA SOLUTION NMR,42,10.718679428100586,-10.718679428100586
469,2PTL,A,A,47,G,-3.1,EXPDTA SOLUTION NMR,46,11.446008682250977,-11.446008682250977
470,2PTL,A,A,49,G,-1.32,EXPDTA SOLUTION NMR,48,3.454334259033203,-3.454334259033203
471,2PTL,A,A,51,G,-3.12,EXPDTA SOLUTION NMR,50,9.036774158477783,-9.036774158477783
472,2PTL,A,A,66,G,-0.49,EXPDTA SOLUTION NMR,65,2.038086175918579,-2.038086175918579
473,2PTL,A,D,52,A,-1.21,EXPDTA SOLUTION NMR,51,2.190885603427887,-2.190885603427887
474,2PTL,A,D,52,G,-2.14,EXPDTA SOLUTION NMR,51,5.11669135093689,-5.11669135093689
475,2PTL,A,D,64,A,-0.2,EXPDTA SOLUTION NMR,63,4.2970298528671265,-4.2970298528671265
476,2PTL,A,E,35,A,-0.59,EXPDTA SOLUTION NMR,34,7.115147352218628,-7.115147352218628
477,2PTL,A,E,46,G,-1.19,EXPDTA SOLUTION NMR,45,4.807884216308594,-4.807884216308594
478,2PTL,A,E,46,I,-1.08,EXPDTA SOLUTION NMR,45,7.720964193344116,-7.720964193344116
479,2PTL,A,E,60,A,-0.23,EXPDTA SOLUTION NMR,59,0.9117974191904068,-0.9117974191904068
480,2PTL,A,F,26,A,-3.12,EXPDTA SOLUTION NMR,25,11.133895874023438,-11.133895874023438
481,2PTL,A,F,26,L,-0.68,EXPDTA SOLUTION NMR,25,0.7960898913443089,-0.7960898913443089
482,2PTL,A,F,36,A,-4.15,EXPDTA SOLUTION NMR,35,21.567299842834473,-21.567299842834473
483,2PTL,A,F,36,L,-3.12,EXPDTA SOLUTION NMR,35,18.31972074508667,-18.31972074508667
484,2PTL,A,F,40,G,-3.08,EXPDTA SOLUTION NMR,39,11.95510196685791,-11.95510196685791
485,2PTL,A,F,40,L,-0.38,EXPDTA SOLUTION NMR,39,2.9979965686798096,-2.9979965686798096
486,2PTL,A,F,76,L,-3.34,EXPDTA SOLUTION NMR,75,17.542147636413574,-17.542147636413574
487,2PTL,A,F,76,V,-3.73,EXPDTA SOLUTION NMR,75,22.84286880493164,-22.84286880493164
488,2PTL,A,G,29,A,-1.52,EXPDTA SOLUTION NMR,28,18.986638069152832,-18.986638069152832
489,2PTL,A,G,29,V,-2.53,EXPDTA SOLUTION NMR,28,24.823554039001465,-24.823554039001465
490,2PTL,A,G,38,A,-2.08,EXPDTA SOLUTION NMR,37,15.098150730133057,-15.098150730133057
491,2PTL,A,G,59,A,-2.23,EXPDTA SOLUTION NMR,58,23.219388008117676,-23.219388008117676
492,2PTL,A,G,69,A,-2.04,EXPDTA SOLUTION NMR,68,15.95649242401123,-15.95649242401123
493,2PTL,A,I,20,A,-4.9,EXPDTA SOLUTION NMR,19,18.206351280212402,-18.206351280212402
494,2PTL,A,I,20,V,-0.56,EXPDTA SOLUTION NMR,19,-0.13368600606918335,0.13368600606918335
495,2PTL,A,I,25,A,-1.37,EXPDTA SOLUTION NMR,24,4.512856364250183,-4.512856364250183
496,2PTL,A,I,25,V,-0.47,EXPDTA SOLUTION NMR,24,0.2671443819999695,-0.2671443819999695
497,2PTL,A,I,74,A,-4.72,EXPDTA SOLUTION NMR,73,2.952187344431877,-2.952187344431877
498,2PTL,A,I,74,V,-1.69,EXPDTA SOLUTION NMR,73,0.7432250026613474,-0.7432250026613474
499,2PTL,A,K,21,A,-0.92,EXPDTA SOLUTION NMR,20,8.309988021850586,-8.309988021850586
500,2PTL,A,K,37,A,-0.88,EXPDTA SOLUTION NMR,36,6.893043518066406,-6.893043518066406
501,2PTL,A,K,42,G,0.16,EXPDTA SOLUTION NMR,41,6.3849875926971436,-6.3849875926971436
502,2PTL,A,K,55,A,0.58,EXPDTA SOLUTION NMR,54,1.3373084366321564,-1.3373084366321564
503,2PTL,A,K,56,A,0.35,EXPDTA SOLUTION NMR,55,0.0697559118270874,-0.0697559118270874
504,2PTL,A,K,68,A,-0.09,EXPDTA SOLUTION NMR,67,2.0003859996795654,-2.0003859996795654
505,2PTL,A,K,75,A,-0.45,EXPDTA SOLUTION NMR,74,3.632112503051758,-3.632112503051758
506,2PTL,A,L,24,A,-3.12,EXPDTA SOLUTION NMR,23,13.119133949279785,-13.119133949279785
507,2PTL,A,L,54,A,-2.44,EXPDTA SOLUTION NMR,53,12.804349422454834,-12.804349422454834
508,2PTL,A,L,72,A,-3.77,EXPDTA SOLUTION NMR,71,17.985575675964355,-17.985575675964355
509,2PTL,A,N,23,A,-1.87,EXPDTA SOLUTION NMR,22,13.086840152740479,-13.086840152740479
510,2PTL,A,N,28,A,-1.78,EXPDTA SOLUTION NMR,27,12.956827163696289,-12.956827163696289
511,2PTL,A,N,58,A,-0.34,EXPDTA SOLUTION NMR,57,3.253190279006958,-3.253190279006958
512,2PTL,A,N,73,A,-1.73,EXPDTA SOLUTION NMR,72,12.489846229553223,-12.489846229553223
513,2PTL,A,S,30,A,-0.3,EXPDTA SOLUTION NMR,29,0.6837662197649479,-0.6837662197649479
514,2PTL,A,S,45,A,0.41,EXPDTA SOLUTION NMR,44,-4.304273366928101,4.304273366928101
515,2PTL,A,S,45,G,-0.82,EXPDTA SOLUTION NMR,44,1.2066823840141296,-1.2066823840141296
516,2PTL,A,T,19,A,-1.63,EXPDTA SOLUTION NMR,18,12.27892780303955,-12.27892780303955
517,2PTL,A,T,31,A,-1.17,EXPDTA SOLUTION NMR,30,4.009491682052612,-4.009491682052612
518,2PTL,A,T,33,A,-1.11,EXPDTA SOLUTION NMR,32,8.367908000946045,-8.367908000946045
519,2PTL,A,T,39,A,-1.25,EXPDTA SOLUTION NMR,38,-0.6050839424133301,0.6050839424133301
520,2PTL,A,T,44,A,-1.09,EXPDTA SOLUTION NMR,43,1.8182767033576965,-1.8182767033576965
521,2PTL,A,T,53,G,-0.17,EXPDTA SOLUTION NMR,52,0.6854921877384186,-0.6854921877384186
522,2PTL,A,T,62,A,-0.97,EXPDTA SOLUTION NMR,61,6.2394349575042725,-6.2394349575042725
523,2PTL,A,T,71,A,-1.83,EXPDTA SOLUTION NMR,70,10.149355411529541,-10.149355411529541
524,2PTL,A,V,18,A,-1.22,EXPDTA SOLUTION NMR,17,13.905405044555664,-13.905405044555664
525,2PTL,A,V,63,A,-0.92,EXPDTA SOLUTION NMR,62,9.04619836807251,-9.04619836807251
526,2PTL,A,V,65,A,-1.14,EXPDTA SOLUTION NMR,64,7.660224437713623,-7.660224437713623
527,2PTL,A,Y,48,A,-2.82,EXPDTA SOLUTION NMR,47,5.599148273468018,-5.599148273468018
528,2PTL,A,Y,50,A,-2.46,EXPDTA SOLUTION NMR,49,9.794413566589355,-9.794413566589355
529,2PTL,A,Y,70,A,-1.66,EXPDTA SOLUTION NMR,69,6.306034564971924,-6.306034564971924
530,2PTL,A,Y,70,L,0.43,EXPDTA SOLUTION NMR,69,-0.12800732254981995,0.12800732254981995
531,2RPN,A,E,7,L,1.05,EXPDTA SOLUTION NMR,6,-3.9211841821670532,3.9211841821670532
532,2RPN,A,V,21,K,0.39,EXPDTA SOLUTION NMR,20,-5.175612211227417,5.175612211227417
533,2VY0,A,D,254,A,-5.975,EXPDTA X-RAY DIFFRACTION,253,2.247364640235901,-2.247364640235901
534,2VY0,A,E,20,A,-6.597,EXPDTA X-RAY DIFFRACTION,19,1.0200114846229553,-1.0200114846229553
535,2WQG,A,D,15,A,0.3,EXPDTA SOLUTION NMR,14,0.6905786693096161,-0.6905786693096161
536,2WQG,A,D,38,A,0.1,EXPDTA SOLUTION NMR,37,-2.9689961671829224,2.9689961671829224
537,2WQG,A,D,39,A,-2.2,EXPDTA SOLUTION NMR,38,6.038957834243774,-6.038957834243774
538,2WQG,A,D,39,N,-2.6,EXPDTA SOLUTION NMR,38,5.861973285675049,-5.861973285675049
539,2WQG,A,E,40,Q,-0.1,EXPDTA SOLUTION NMR,39,0.5210169944912195,-0.5210169944912195
540,2WQG,A,E,41,G,-0.4,EXPDTA SOLUTION NMR,40,3.058199644088745,-3.058199644088745
541,2WQG,A,I,36,A,-0.9,EXPDTA SOLUTION NMR,35,7.7381432056427,-7.7381432056427
542,2WQG,A,I,36,V,-0.3,EXPDTA SOLUTION NMR,35,-2.2008819580078125,2.2008819580078125
543,2WQG,A,K,14,A,-0.4,EXPDTA SOLUTION NMR,13,3.3549773693084717,-3.3549773693084717
544,2WQG,A,K,14,G,-1.9,EXPDTA SOLUTION NMR,13,6.78354811668396,-6.78354811668396
545,2WQG,A,K,19,A,-0.3,EXPDTA SOLUTION NMR,18,0.5492982640862465,-0.5492982640862465
546,2WQG,A,K,28,A,-0.6,EXPDTA SOLUTION NMR,27,2.1634597927331924,-2.1634597927331924
547,2WQG,A,L,13,A,-0.5,EXPDTA SOLUTION NMR,12,11.554304599761963,-11.554304599761963
548,2WQG,A,L,16,A,-1.3,EXPDTA SOLUTION NMR,15,4.715212345123291,-4.715212345123291
549,2WQG,A,L,8,A,-2.0,EXPDTA SOLUTION NMR,7,6.956564426422119,-6.956564426422119
550,2WQG,A,Q,12,A,-0.6,EXPDTA SOLUTION NMR,11,5.037365674972534,-5.037365674972534
551,2WQG,A,Q,12,G,-2.0,EXPDTA SOLUTION NMR,11,9.074678897857666,-9.074678897857666
552,2WQG,A,Q,33,A,0.1,EXPDTA SOLUTION NMR,32,-0.5292980745434761,0.5292980745434761
553,2WQG,A,R,34,A,-0.8,EXPDTA SOLUTION NMR,33,1.9797067046165466,-1.9797067046165466
554,2WQG,A,S,23,A,-0.6,EXPDTA SOLUTION NMR,22,4.551466941833496,-4.551466941833496
555,2WQG,A,S,6,A,0.1,EXPDTA SOLUTION NMR,5,0.32008156180381775,-0.32008156180381775
556,2WQG,A,S,6,G,-0.2,EXPDTA SOLUTION NMR,5,5.3324596881866455,-5.3324596881866455
557,2WQG,A,T,9,S,0.1,EXPDTA SOLUTION NMR,8,-1.0844601392745972,1.0844601392745972
558,2WQG,A,V,10,A,-0.1,EXPDTA SOLUTION NMR,9,-0.8095781616866589,0.8095781616866589
559,2WQG,A,V,10,G,-0.7,EXPDTA SOLUTION NMR,9,1.6417473703622818,-1.6417473703622818
560,2WQG,A,V,11,A,0.4,EXPDTA SOLUTION NMR,10,-6.167430400848389,6.167430400848389
561,2WQG,A,V,11,G,0.1,EXPDTA SOLUTION NMR,10,-3.0325722694396973,3.0325722694396973
562,2WQG,A,V,24,A,-0.5,EXPDTA SOLUTION NMR,23,0.3439859375357628,-0.3439859375357628
563,2WQG,A,Y,5,F,-2.4,EXPDTA SOLUTION NMR,4,4.7327189445495605,-4.7327189445495605
564,2ZTA,A,E,11,Q,-0.74,EXPDTA X-RAY DIFFRACTION,10,2.5582587718963623,-2.5582587718963623
565,2ZTA,A,E,20,Q,0.2,EXPDTA X-RAY DIFFRACTION,19,1.69498872756958,-1.69498872756958
566,2ZTA,A,E,22,Q,-1.83,EXPDTA X-RAY DIFFRACTION,21,2.4930317401885986,-2.4930317401885986
567,2ZTA,A,K,15,A,-0.41,EXPDTA X-RAY DIFFRACTION,14,1.6679584383964539,-1.6679584383964539
568,2ZTA,A,K,27,A,-0.91,EXPDTA X-RAY DIFFRACTION,26,1.0616439580917358,-1.0616439580917358
569,2ZTA,A,K,28,A,-0.06,EXPDTA X-RAY DIFFRACTION,27,0.7580125033855438,-0.7580125033855438
570,2ZTA,A,K,8,A,-0.39,EXPDTA X-RAY DIFFRACTION,7,-0.2772522270679474,0.2772522270679474
571,2ZTA,A,R,25,A,-1.66,EXPDTA X-RAY DIFFRACTION,24,1.828382357954979,-1.828382357954979
572,3BCI,A,E,83,Q,1.369,EXPDTA X-RAY DIFFRACTION,82,1.694897472858429,-1.694897472858429
573,3BCI,A,T,140,V,-1.137,EXPDTA X-RAY DIFFRACTION,139,-2.871006190776825,2.871006190776825
574,3BN0,A,I,19,V,-1.506,EXPDTA X-RAY DIFFRACTION,18,3.29050076007843,-3.29050076007843
575,3C2I,A,D,64,E,0.88,EXPDTA X-RAY DIFFRACTION,63,12.622148036956787,-12.622148036956787
576,3C2I,A,F,63,S,0.43,EXPDTA X-RAY DIFFRACTION,62,17.154003143310547,-17.154003143310547
577,3C2I,A,L,9,V,1.11,EXPDTA X-RAY DIFFRACTION,8,17.59984302520752,-17.59984302520752
578,3C2I,A,P,60,R,1.46,EXPDTA X-RAY DIFFRACTION,59,10.660366535186768,-10.660366535186768
579,3C2I,A,R,15,Q,0.12,EXPDTA X-RAY DIFFRACTION,14,11.637836933135986,-11.637836933135986
580,3C2I,A,R,15,W,0.04,EXPDTA X-RAY DIFFRACTION,14,23.512956619262695,-23.512956619262695
581,3C2I,A,R,20,G,-0.43,EXPDTA X-RAY DIFFRACTION,19,11.429718971252441,-11.429718971252441
582,3C2I,A,R,42,C,0.37,EXPDTA X-RAY DIFFRACTION,41,5.694129467010498,-5.694129467010498
583,3C2I,A,R,42,H,0.24,EXPDTA X-RAY DIFFRACTION,41,-0.11620509438216686,0.11620509438216686
584,3C2I,A,S,43,C,1.05,EXPDTA X-RAY DIFFRACTION,42,15.364177703857422,-15.364177703857422
585,3C2I,A,T,66,A,0.47,EXPDTA X-RAY DIFFRACTION,65,8.247082710266113,-8.247082710266113
586,3C2I,A,T,66,M,0.25,EXPDTA X-RAY DIFFRACTION,65,14.180615901947021,-14.180615901947021
587,3D2A,A,M,132,E,3.02,EXPDTA X-RAY DIFFRACTION,131,-3.035764455795288,3.035764455795288
588,3D2A,A,M,135,P,3.34,EXPDTA X-RAY DIFFRACTION,134,-12.041515827178955,12.041515827178955
589,3D2A,A,S,161,P,2.11,EXPDTA X-RAY DIFFRACTION,160,1.7635257095098495,-1.7635257095098495
590,3D3B,A,D,118,A,-0.65,EXPDTA X-RAY DIFFRACTION,117,7.405496835708618,-7.405496835708618
591,3D3B,A,D,118,E,-0.6,EXPDTA X-RAY DIFFRACTION,117,4.448251008987427,-4.448251008987427
592,3D3B,A,D,118,K,-1.6,EXPDTA X-RAY DIFFRACTION,117,6.505192995071411,-6.505192995071411
593,3D3B,A,D,118,N,-1.34,EXPDTA X-RAY DIFFRACTION,117,2.2116785049438477,-2.2116785049438477
594,3D3B,A,D,118,R,-1.41,EXPDTA X-RAY DIFFRACTION,117,7.341050148010254,-7.341050148010254
595,3DV0,A,A,4,G,-1.7,EXPDTA X-RAY DIFFRACTION,3,15.223982810974121,-15.223982810974121
596,3DV0,A,A,12,G,-2.3,EXPDTA X-RAY DIFFRACTION,11,6.338830947875977,-6.338830947875977
597,3DV0,A,A,38,G,-0.9,EXPDTA X-RAY DIFFRACTION,37,5.458834409713745,-5.458834409713745
598,3DV0,A,A,41,G,-0.3,EXPDTA X-RAY DIFFRACTION,40,6.8528172969818115,-6.8528172969818115
599,3DV0,A,D,18,A,-2.1,EXPDTA X-RAY DIFFRACTION,17,12.665026187896729,-12.665026187896729
600,3DV0,A,D,18,N,-0.9,EXPDTA X-RAY DIFFRACTION,17,5.355145454406738,-5.355145454406738
601,3DV0,A,D,35,N,-2.0,EXPDTA X-RAY DIFFRACTION,34,13.446575164794922,-13.446575164794922
602,3DV0,A,D,37,A,-2.3,EXPDTA X-RAY DIFFRACTION,36,11.617991924285889,-11.617991924285889
603,3DV0,A,D,37,G,-3.7,EXPDTA X-RAY DIFFRACTION,36,15.741194725036621,-15.741194725036621
604,3DV0,A,D,37,N,-1.9,EXPDTA X-RAY DIFFRACTION,36,8.866336345672607,-8.866336345672607
605,3DV0,A,E,14,A,-0.7,EXPDTA X-RAY DIFFRACTION,13,2.582735776901245,-2.582735776901245
606,3DV0,A,E,14,Q,-0.4,EXPDTA X-RAY DIFFRACTION,13,4.0975953340530396,-4.0975953340530396
607,3DV0,A,I,3,A,-0.7,EXPDTA X-RAY DIFFRACTION,2,2.539621591567993,-2.539621591567993
608,3DV0,A,I,3,G,-1.4,EXPDTA X-RAY DIFFRACTION,2,5.815834283828735,-5.815834283828735
609,3DV0,A,I,3,V,-0.2,EXPDTA X-RAY DIFFRACTION,2,1.6523735523223877,-1.6523735523223877
610,3DV0,A,I,19,A,-2.7,EXPDTA X-RAY DIFFRACTION,18,17.965907096862793,-17.965907096862793
611,3DV0,A,I,19,V,-1.2,EXPDTA X-RAY DIFFRACTION,18,7.2035112380981445,-7.2035112380981445
612,3DV0,A,I,36,V,-0.5,EXPDTA X-RAY DIFFRACTION,35,-0.22208786010742188,0.22208786010742188
613,3DV0,A,L,32,A,-2.0,EXPDTA X-RAY DIFFRACTION,31,8.958605289459229,-8.958605289459229
614,3DV0,A,L,32,G,-1.9,EXPDTA X-RAY DIFFRACTION,31,9.649330615997314,-9.649330615997314
615,3DV0,A,L,32,V,-0.6,EXPDTA X-RAY DIFFRACTION,31,5.07592248916626,-5.07592248916626
616,3DV0,A,L,40,A,-1.2,EXPDTA X-RAY DIFFRACTION,39,10.565046310424805,-10.565046310424805
617,3DV0,A,L,40,V,-0.2,EXPDTA X-RAY DIFFRACTION,39,5.653149127960205,-5.653149127960205
618,3DV0,A,V,2,A,-0.7,EXPDTA X-RAY DIFFRACTION,1,9.011358261108398,-9.011358261108398
619,3DV0,A,V,2,G,-1.0,EXPDTA X-RAY DIFFRACTION,1,18.923300743103027,-18.923300743103027
620,3DV0,A,V,8,A,-1.5,EXPDTA X-RAY DIFFRACTION,7,9.660346746444702,-9.660346746444702
621,3DV0,A,V,17,A,-2.0,EXPDTA X-RAY DIFFRACTION,16,2.1047004368156195,-2.1047004368156195
622,3DV0,A,V,22,A,-2.8,EXPDTA X-RAY DIFFRACTION,21,19.861230850219727,-19.861230850219727
623,3DV0,A,V,22,G,-4.1,EXPDTA X-RAY DIFFRACTION,21,33.58357238769531,-33.58357238769531
624,3DV0,A,V,31,A,-3.2,EXPDTA X-RAY DIFFRACTION,30,18.759450912475586,-18.759450912475586
625,3DV0,A,Y,11,F,-2.0,EXPDTA X-RAY DIFFRACTION,10,5.460383653640747,-5.460383653640747
626,3ECU,A,H,46,R,0.8,EXPDTA X-RAY DIFFRACTION,45,3.8728842735290527,-3.8728842735290527
627,3FIS,A,P,36,A,-0.5,EXPDTA X-RAY DIFFRACTION,35,8.175518989562988,-8.175518989562988
628,3G1G,A,D,5,Y,0.34,EXPDTA X-RAY DIFFRACTION,4,7.469743251800537,-7.469743251800537
629,3G1G,A,F,17,Y,-0.74,EXPDTA X-RAY DIFFRACTION,16,4.884503960609436,-4.884503960609436
630,3G1G,A,I,40,V,-0.17,EXPDTA X-RAY DIFFRACTION,39,7.776069164276123,-7.776069164276123
631,3G1G,A,R,35,W,1.32,EXPDTA X-RAY DIFFRACTION,34,18.090891361236572,-18.090891361236572
632,3K82,A,E,29,L,-3.35,EXPDTA X-RAY DIFFRACTION,28,4.343660831451416,-4.343660831451416
633,3K82,A,E,29,Q,-1.68,EXPDTA X-RAY DIFFRACTION,28,0.5530312955379486,-0.5530312955379486
634,3K82,A,E,96,R,5.49,EXPDTA X-RAY DIFFRACTION,95,1.3710326850414276,-1.3710326850414276
635,3L15,A,Y,196,H,-3.23,EXPDTA X-RAY DIFFRACTION,195,8.100496530532837,-8.100496530532837
636,3MON,A,R,39,G,1.194,EXPDTA X-RAY DIFFRACTION,38,6.283847093582153,-6.283847093582153
637,3MON,A,W,3,C,-2.866,EXPDTA X-RAY DIFFRACTION,2,0.40294745191931725,-0.40294745191931725
638,3O39,A,F,81,I,-1.81,EXPDTA X-RAY DIFFRACTION,80,9.563006401062012,-9.563006401062012
639,3O39,A,F,81,L,-1.64,EXPDTA X-RAY DIFFRACTION,80,-1.1317699998617172,1.1317699998617172
640,3O39,A,H,63,L,-0.58,EXPDTA X-RAY DIFFRACTION,62,-3.772250771522522,3.772250771522522
641,3O39,A,L,4,P,-3.25,EXPDTA X-RAY DIFFRACTION,3,28.1912784576416,-28.1912784576416
642,3O39,A,Q,66,L,-2.0,EXPDTA X-RAY DIFFRACTION,65,-0.6617462038993835,0.6617462038993835
643,3O39,A,Q,20,L,-0.05,EXPDTA X-RAY DIFFRACTION,19,1.5048610344529152,-1.5048610344529152
644,3S4M,A,D,34,Y,-1.3,EXPDTA X-RAY DIFFRACTION,33,25.74122905731201,-25.74122905731201
645,3S4M,A,G,42,V,-2.5,EXPDTA X-RAY DIFFRACTION,41,24.374455451965332,-24.374455451965332
646,3S4M,A,I,66,F,0.096,EXPDTA X-RAY DIFFRACTION,65,22.33900260925293,-22.33900260925293
647,3S4M,A,W,67,R,-0.693,EXPDTA X-RAY DIFFRACTION,66,-0.9306996464729309,0.9306996464729309
648,3S92,A,H,89,R,2.03,EXPDTA X-RAY DIFFRACTION,88,7.5917744636535645,-7.5917744636535645
649,4BJX,A,A,48,V,0.99,EXPDTA X-RAY DIFFRACTION,47,11.396363258361816,-11.396363258361816
650,4BUQ,A,Y,137,A,0.89,EXPDTA X-RAY DIFFRACTION,136,0.4668258763849735,-0.4668258763849735
651,4BUQ,A,Y,48,A,-1.435,EXPDTA X-RAY DIFFRACTION,47,2.128613829612732,-2.128613829612732
652,4HE7,A,A,18,D,-0.24,EXPDTA X-RAY DIFFRACTION,17,-1.8255624175071716,1.8255624175071716
653,4HE7,A,A,18,G,0.06,EXPDTA X-RAY DIFFRACTION,17,-0.8475021440535784,0.8475021440535784
654,4HE7,A,A,18,K,-0.46,EXPDTA X-RAY DIFFRACTION,17,-2.183753252029419,2.183753252029419
655,4N6V,A,H,68,W,0.574,EXPDTA X-RAY DIFFRACTION,67,-0.5471119582653046,0.5471119582653046
656,4N6V,A,P,29,G,-1.362,EXPDTA X-RAY DIFFRACTION,28,9.431130409240723,-9.431130409240723
657,4N6V,A,P,72,S,1.745,EXPDTA X-RAY DIFFRACTION,71,8.538157939910889,-8.538157939910889
658,4WAA,A,K,57,A,0.1,EXPDTA X-RAY DIFFRACTION,56,0.23165197670459747,-0.23165197670459747
659,4WAA,A,K,59,A,-2.07,EXPDTA X-RAY DIFFRACTION,58,4.947232961654663,-4.947232961654663
660,4WAA,A,R,19,A,-0.44,EXPDTA X-RAY DIFFRACTION,18,3.870585322380066,-3.870585322380066
661,4YEE,A,V,60,T,-0.71,EXPDTA X-RAY DIFFRACTION,59,6.439608335494995,-6.439608335494995
662,4YEF,A,T,58,V,-0.93,EXPDTA X-RAY DIFFRACTION,57,-0.6828098893165588,0.6828098893165588
663,5JXB,A,D,25,G,-1.44,EXPDTA X-RAY DIFFRACTION,24,1.7192169427871704,-1.7192169427871704
664,5JXB,A,D,25,P,-1.44,EXPDTA X-RAY DIFFRACTION,24,16.53465700149536,-16.53465700149536
665,5OAQ,A,Y,199,H,-2.99,EXPDTA X-RAY DIFFRACTION,198,7.267215967178345,-7.267215967178345
666,5VP3,A,R,39,K,0.413,EXPDTA X-RAY DIFFRACTION,38,2.251591384410858,-2.251591384410858
667,5VP3,A,S,128,G,-0.378,EXPDTA X-RAY DIFFRACTION,127,8.8469820022583,-8.8469820022583
668,5VP3,A,V,183,T,0.354,EXPDTA X-RAY DIFFRACTION,182,-0.199264258146286,0.199264258146286
